Experiment,Config,Run,Best Fitness,Test Accuracy,N Features,Reduction Pct,Baseline F1
Baseline,SVM_all_features,1,,0.8297213622291022,4844,0.0,0.8282158536822398
Exp1-Selection,tournament,1,0.5752607666841308,0.8132094943240454,1758,63.70767960363336,0.8282158536822398
Exp1-Selection,roulette,1,0.6882663271206092,0.8111455108359134,1751,63.8521882741536,0.8282158536822398
Exp2-UniformXO,tournament,1,0.6979272735327796,0.8173374613003096,1778,63.29479768786127,0.8282158536822398
Exp2-UniformXO,roulette,1,0.6929367784716659,0.7997936016511867,1716,64.57473162675475,0.8282158536822398
